r,theta,z,Energy,Detection Efficiency
0.0,0.0,82.0,20,0.0091086666666666
0.0,0.0,82.0,30,0.0456937058823529
0.0,0.0,82.0,50,0.190654294117647
0.0,0.0,82.0,80,0.295446625
0.0,0.0,82.0,100,0.3082207647058823
0.0,0.0,82.0,200,0.2404757647058823
0.0,0.0,82.0,300,0.1719098888888888
0.0,0.0,82.0,500,0.1078825882352941
0.0,0.0,82.0,800,0.0726855294117647
0.0,0.0,82.0,1000,0.0614948823529411
0.0,0.0,82.0,1200,0.0530598333333333
0.0,0.0,82.0,1400,0.0462603529411764
0.0,0.0,82.0,1600,0.0417137058823529
0.0,0.0,82.0,1800,0.037598
0.0,0.0,82.0,2000,0.0342177647058823
0.0,0.0,82.0,2200,0.0316007058823529
0.0,0.0,82.0,2400,0.0288088888888888
0.0,0.0,112.0,20,0.0029053333333333
0.0,0.0,112.0,30,0.0152428823529411
0.0,0.0,112.0,50,0.0586885294117647
0.0,0.0,112.0,80,0.085353625
0.0,0.0,112.0,100,0.0867209411764705
0.0,0.0,112.0,200,0.0631369411764705
0.0,0.0,112.0,300,0.0444633888888888
0.0,0.0,112.0,500,0.0282703529411764
0.0,0.0,112.0,800,0.0192773529411764
0.0,0.0,112.0,1000,0.0159141764705882
0.0,0.0,112.0,1200,0.0141072777777777
0.0,0.0,112.0,1400,0.0123893529411764
0.0,0.0,112.0,1600,0.0110440588235294
0.0,0.0,112.0,1800,0.0100038888888888
0.0,0.0,112.0,2000,0.0092102352941176
0.0,0.0,112.0,2200,0.0085813529411764
0.0,0.0,112.0,2400,0.0077922222222222
0.0,0.0,142.0,20,0.0012185555555555
0.0,0.0,142.0,30,0.0061494444444444
0.0,0.0,142.0,50,0.0230155882352941
0.0,0.0,142.0,80,0.033493
0.0,0.0,142.0,100,0.034889
0.0,0.0,142.0,200,0.0263859411764705
0.0,0.0,142.0,300,0.0193238333333333
0.0,0.0,142.0,500,0.0121855882352941
0.0,0.0,142.0,800,0.008255294117647
0.0,0.0,142.0,1000,0.007047
0.0,0.0,142.0,1200,0.0061615
0.0,0.0,142.0,1400,0.0053688823529411
0.0,0.0,142.0,1600,0.0049729411764705
0.0,0.0,142.0,1800,0.0044216666666666
0.0,0.0,142.0,2000,0.0040078823529411
0.0,0.0,142.0,2200,0.0037506470588235
0.0,0.0,142.0,2400,0.0035683333333333
0.0,0.0,172.0,20,0.0006071666666666
0.0,0.0,172.0,30,0.003166
0.0,0.0,172.0,50,0.0117665882352941
0.0,0.0,172.0,80,0.017163625
0.0,0.0,172.0,100,0.018037375
0.0,0.0,172.0,200,0.0143064117647058
0.0,0.0,172.0,300,0.0104210555555555
0.0,0.0,172.0,500,0.0068912352941176
0.0,0.0,172.0,800,0.0046664117647058
0.0,0.0,172.0,1000,0.003957875
0.0,0.0,172.0,1200,0.0035123888888888
0.0,0.0,172.0,1400,0.0030624117647058
0.0,0.0,172.0,1600,0.002823
0.0,0.0,172.0,1800,0.0025604444444444
0.0,0.0,172.0,2000,0.0023544705882352
0.0,0.0,172.0,2200,0.0021228823529411
0.0,0.0,172.0,2400,0.0018868888888888
30.0,0.0,82.0,20,0.0044754444444444
30.0,0.0,82.0,30,0.022745294117647
30.0,0.0,82.0,50,0.0933656470588235
30.0,0.0,82.0,80,0.1440155
30.0,0.0,82.0,100,0.1486269411764706
30.0,0.0,82.0,200,0.1164984705882353
30.0,0.0,82.0,300,0.0857440555555555
30.0,0.0,82.0,500,0.0556560588235294
30.0,0.0,82.0,800,0.0386185294117647
30.0,0.0,82.0,1000,0.0326676470588235
30.0,0.0,82.0,1200,0.02844
30.0,0.0,82.0,1400,0.0253367058823529
30.0,0.0,82.0,1600,0.0227870588235294
30.0,0.0,82.0,1800,0.0208408333333333
30.0,0.0,82.0,2000,0.0190245294117647
30.0,0.0,82.0,2200,0.0172411176470588
30.0,0.0,82.0,2400,0.0162107777777777
30.0,0.0,112.0,20,0.0017766111111111
30.0,0.0,112.0,30,0.0097163529411764
30.0,0.0,112.0,50,0.0381598235294117
30.0,0.0,112.0,80,0.0571045
30.0,0.0,112.0,100,0.0586011764705882
30.0,0.0,112.0,200,0.045655
30.0,0.0,112.0,300,0.0334042777777777
30.0,0.0,112.0,500,0.0212480588235294
30.0,0.0,112.0,800,0.0149079411764705
30.0,0.0,112.0,1000,0.0123461764705882
30.0,0.0,112.0,1200,0.0108795555555555
30.0,0.0,112.0,1400,0.0096389411764705
30.0,0.0,112.0,1600,0.0087038823529411
30.0,0.0,112.0,1800,0.0078331666666666
30.0,0.0,112.0,2000,0.007243
30.0,0.0,112.0,2200,0.0066114705882352
30.0,0.0,112.0,2400,0.0061065555555555
30.0,0.0,142.0,20,0.0008910555555555
30.0,0.0,142.0,30,0.0049511111111111
30.0,0.0,142.0,50,0.0184045294117647
30.0,0.0,142.0,80,0.0272645
30.0,0.0,142.0,100,0.028459625
30.0,0.0,142.0,200,0.0224008823529411
30.0,0.0,142.0,300,0.0163376111111111
30.0,0.0,142.0,500,0.0106783529411764
30.0,0.0,142.0,800,0.0076450588235294
30.0,0.0,142.0,1000,0.006115125
30.0,0.0,142.0,1200,0.0054854444444444
30.0,0.0,142.0,1400,0.0046408235294117
30.0,0.0,142.0,1600,0.004462
30.0,0.0,142.0,1800,0.0039695555555555
30.0,0.0,142.0,2000,0.0035794705882352
30.0,0.0,142.0,2200,0.0032894117647058
30.0,0.0,142.0,2400,0.0030368888888888
30.0,0.0,172.0,20,0.0004656111111111
30.0,0.0,172.0,30,0.0028309444444444
30.0,0.0,172.0,50,0.0102626470588235
30.0,0.0,172.0,80,0.0152895
30.0,0.0,172.0,100,0.0159865
30.0,0.0,172.0,200,0.0130145882352941
30.0,0.0,172.0,300,0.0094720555555555
30.0,0.0,172.0,500,0.0062278235294117
30.0,0.0,172.0,800,0.0043147647058823
30.0,0.0,172.0,1000,0.003505125
30.0,0.0,172.0,1200,0.0032248888888888
30.0,0.0,172.0,1400,0.0028428235294117
30.0,0.0,172.0,1600,0.002545
30.0,0.0,172.0,1800,0.0024349444444444
30.0,0.0,172.0,2000,0.0022132352941176
30.0,0.0,172.0,2200,0.0019917647058823
30.0,0.0,172.0,2400,0.001835
60.0,0.0,82.0,20,0.0014928333333333
60.0,0.0,82.0,30,0.007962
60.0,0.0,82.0,50,0.0333582352941176
60.0,0.0,82.0,80,0.051403625
60.0,0.0,82.0,100,0.05394725
60.0,0.0,82.0,200,0.0445567058823529
60.0,0.0,82.0,300,0.0332326666666666
60.0,0.0,82.0,500,0.0219861764705882
60.0,0.0,82.0,800,0.0150924705882352
60.0,0.0,82.0,1000,0.012938875
60.0,0.0,82.0,1200,0.0112821111111111
60.0,0.0,82.0,1400,0.0100050588235294
60.0,0.0,82.0,1600,0.0092361764705882
60.0,0.0,82.0,1800,0.0081632222222222
60.0,0.0,82.0,2000,0.0073781764705882
60.0,0.0,82.0,2200,0.007033294117647
60.0,0.0,82.0,2400,0.006389
60.0,0.0,112.0,20,0.0006867777777777
60.0,0.0,112.0,30,0.0046668823529411
60.0,0.0,112.0,50,0.0211348823529411
60.0,0.0,112.0,80,0.032389
60.0,0.0,112.0,100,0.0337387058823529
60.0,0.0,112.0,200,0.0272882352941176
60.0,0.0,112.0,300,0.0200161666666666
60.0,0.0,112.0,500,0.0130917058823529
60.0,0.0,112.0,800,0.009160294117647
60.0,0.0,112.0,1000,0.0077838823529411
60.0,0.0,112.0,1200,0.0066718333333333
60.0,0.0,112.0,1400,0.0060238235294117
60.0,0.0,112.0,1600,0.0055247058823529
60.0,0.0,112.0,1800,0.005085
60.0,0.0,112.0,2000,0.0044863529411764
60.0,0.0,112.0,2200,0.004178294117647
60.0,0.0,112.0,2400,0.0039764444444444
60.0,0.0,142.0,20,0.0005938888888888
60.0,0.0,142.0,30,0.0033846470588235
60.0,0.0,142.0,50,0.0133409411764705
60.0,0.0,142.0,80,0.02016975
60.0,0.0,142.0,100,0.0208579411764705
60.0,0.0,142.0,200,0.0171222352941176
60.0,0.0,142.0,300,0.0124625
60.0,0.0,142.0,500,0.0081453529411764
60.0,0.0,142.0,800,0.0057165294117647
60.0,0.0,142.0,1000,0.0048015882352941
60.0,0.0,142.0,1200,0.0041469444444444
60.0,0.0,142.0,1400,0.0037787058823529
60.0,0.0,142.0,1600,0.0033945882352941
60.0,0.0,142.0,1800,0.0029909444444444
60.0,0.0,142.0,2000,0.0027711176470588
60.0,0.0,142.0,2200,0.0025876470588235
60.0,0.0,142.0,2400,0.0023968888888888
60.0,0.0,172.0,20,0.0004831111111111
60.0,0.0,172.0,30,0.0023012222222222
60.0,0.0,172.0,50,0.0087014117647058
60.0,0.0,172.0,80,0.01297725
60.0,0.0,172.0,100,0.0137045
60.0,0.0,172.0,200,0.0110171176470588
60.0,0.0,172.0,300,0.0082321111111111
60.0,0.0,172.0,500,0.005257
60.0,0.0,172.0,800,0.0037536470588235
60.0,0.0,172.0,1000,0.003128294117647
60.0,0.0,172.0,1200,0.0026667777777777
60.0,0.0,172.0,1400,0.0023868823529411
60.0,0.0,172.0,1600,0.0022915294117647
60.0,0.0,172.0,1800,0.0019847777777777
60.0,0.0,172.0,2000,0.001852294117647
60.0,0.0,172.0,2200,0.0016469411764705
60.0,0.0,172.0,2400,0.0015054444444444
90.0,0.0,82.0,20,0.0008208888888888
90.0,0.0,82.0,30,0.0044049444444444
90.0,0.0,82.0,50,0.0180437058823529
90.0,0.0,82.0,80,0.02734575
90.0,0.0,82.0,100,0.0286975
90.0,0.0,82.0,200,0.0239221176470588
90.0,0.0,82.0,300,0.0178980555555555
90.0,0.0,82.0,500,0.0116325294117647
90.0,0.0,82.0,800,0.0080562352941176
90.0,0.0,82.0,1000,0.006750875
90.0,0.0,82.0,1200,0.0059982777777777
90.0,0.0,82.0,1400,0.0052445882352941
90.0,0.0,82.0,1600,0.004694875
90.0,0.0,82.0,1800,0.0042766666666666
90.0,0.0,82.0,2000,0.0037485882352941
90.0,0.0,82.0,2200,0.0036658823529411
90.0,0.0,82.0,2400,0.003288
90.0,0.0,112.0,20,0.0004742777777777
90.0,0.0,112.0,30,0.0030856666666666
90.0,0.0,112.0,50,0.0133788823529411
90.0,0.0,112.0,80,0.020570375
90.0,0.0,112.0,100,0.02161475
90.0,0.0,112.0,200,0.0175816470588235
90.0,0.0,112.0,300,0.013075
90.0,0.0,112.0,500,0.0085403529411764
90.0,0.0,112.0,800,0.0058905882352941
90.0,0.0,112.0,1000,0.00483625
90.0,0.0,112.0,1200,0.0043113333333333
90.0,0.0,112.0,1400,0.0038668823529411
90.0,0.0,112.0,1600,0.0034881176470588
90.0,0.0,112.0,1800,0.0032220555555555
90.0,0.0,112.0,2000,0.002954294117647
90.0,0.0,112.0,2200,0.0026286470588235
90.0,0.0,112.0,2400,0.0025227777777777
90.0,0.0,142.0,20,0.0003573888888888
90.0,0.0,142.0,30,0.0022106666666666
90.0,0.0,142.0,50,0.0098813529411764
90.0,0.0,142.0,80,0.01492125
90.0,0.0,142.0,100,0.0155805
90.0,0.0,142.0,200,0.0124422352941176
90.0,0.0,142.0,300,0.0092142222222222
90.0,0.0,142.0,500,0.0060041764705882
90.0,0.0,142.0,800,0.0041657058823529
90.0,0.0,142.0,1000,0.00348425
90.0,0.0,142.0,1200,0.0030344444444444
90.0,0.0,142.0,1400,0.0026383529411764
90.0,0.0,142.0,1600,0.0024241764705882
90.0,0.0,142.0,1800,0.0022188333333333
90.0,0.0,142.0,2000,0.0020564705882352
90.0,0.0,142.0,2200,0.001954294117647
90.0,0.0,142.0,2400,0.001696
90.0,0.0,172.0,20,0.0002808333333333
90.0,0.0,172.0,30,0.0017748888888888
90.0,0.0,172.0,50,0.0071306470588235
90.0,0.0,172.0,80,0.010692
90.0,0.0,172.0,100,0.011240625
90.0,0.0,172.0,200,0.0089707647058823
90.0,0.0,172.0,300,0.0064966111111111
90.0,0.0,172.0,500,0.0043325294117647
90.0,0.0,172.0,800,0.0029614117647058
90.0,0.0,172.0,1000,0.002545625
90.0,0.0,172.0,1200,0.002195
90.0,0.0,172.0,1400,0.0019741176470588
90.0,0.0,172.0,1600,0.0017725
90.0,0.0,172.0,1800,0.0015316666666666
90.0,0.0,172.0,2000,0.0014335294117647
90.0,0.0,172.0,2200,0.0014275294117647
90.0,0.0,172.0,2400,0.0012288888888888
120.0,0.0,82.0,20,0.0005236666666666
120.0,0.0,82.0,30,0.0026491111111111
120.0,0.0,82.0,50,0.0108433529411764
120.0,0.0,82.0,80,0.01658925
120.0,0.0,82.0,100,0.01713775
120.0,0.0,82.0,200,0.0144578235294117
120.0,0.0,82.0,300,0.0107992777777777
120.0,0.0,82.0,500,0.0069395294117647
120.0,0.0,82.0,800,0.0047780588235294
120.0,0.0,82.0,1000,0.003965625
120.0,0.0,82.0,1200,0.0035236666666666
120.0,0.0,82.0,1400,0.0030898823529411
120.0,0.0,82.0,1600,0.0028085
120.0,0.0,82.0,1800,0.0024970555555555
120.0,0.0,82.0,2000,0.0022755294117647
120.0,0.0,82.0,2200,0.0021001176470588
120.0,0.0,82.0,2400,0.0020174444444444
120.0,0.0,112.0,20,0.0003660555555555
120.0,0.0,112.0,30,0.0020432222222222
120.0,0.0,112.0,50,0.0089493529411764
120.0,0.0,112.0,80,0.013743375
120.0,0.0,112.0,100,0.014527375
120.0,0.0,112.0,200,0.0119488823529411
120.0,0.0,112.0,300,0.0089298333333333
120.0,0.0,112.0,500,0.0056502352941176
120.0,0.0,112.0,800,0.0039646470588235
120.0,0.0,112.0,1000,0.0032847058823529
120.0,0.0,112.0,1200,0.0028123333333333
120.0,0.0,112.0,1400,0.0025914117647058
120.0,0.0,112.0,1600,0.0023121764705882
120.0,0.0,112.0,1800,0.0020234444444444
120.0,0.0,112.0,2000,0.0019419411764705
120.0,0.0,112.0,2200,0.0017117058823529
120.0,0.0,112.0,2400,0.0016544444444444
120.0,0.0,142.0,20,0.0002851111111111
120.0,0.0,142.0,30,0.0015758888888888
120.0,0.0,142.0,50,0.0072610588235294
120.0,0.0,142.0,80,0.010988125
120.0,0.0,142.0,100,0.011617625
120.0,0.0,142.0,200,0.0093621176470588
120.0,0.0,142.0,300,0.007024
120.0,0.0,142.0,500,0.0045425294117647
120.0,0.0,142.0,800,0.0029703529411764
120.0,0.0,142.0,1000,0.002735625
120.0,0.0,142.0,1200,0.0022105
120.0,0.0,142.0,1400,0.0021091176470588
120.0,0.0,142.0,1600,0.00174425
120.0,0.0,142.0,1800,0.001611
120.0,0.0,142.0,2000,0.001509294117647
120.0,0.0,142.0,2200,0.0014310588235294
120.0,0.0,142.0,2400,0.0012718888888888
120.0,0.0,172.0,20,0.0002726666666666
120.0,0.0,172.0,30,0.0012945555555555
120.0,0.0,172.0,50,0.0056613529411764
120.0,0.0,172.0,80,0.008594375
120.0,0.0,172.0,100,0.008972375
120.0,0.0,172.0,200,0.0071549411764705
120.0,0.0,172.0,300,0.005577
120.0,0.0,172.0,500,0.0034484117647058
120.0,0.0,172.0,800,0.0023466470588235
120.0,0.0,172.0,1000,0.002006
120.0,0.0,172.0,1200,0.0016946666666666
120.0,0.0,172.0,1400,0.0015971176470588
120.0,0.0,172.0,1600,0.0013987647058823
120.0,0.0,172.0,1800,0.0013212777777777
120.0,0.0,172.0,2000,0.0011579411764705
120.0,0.0,172.0,2200,0.0010405294117647
120.0,0.0,172.0,2400,0.0010074444444444
42.0,0.0,67.0,20,0.0043964444444444
42.0,0.0,67.0,30,0.0229246470588235
42.0,0.0,67.0,50,0.0932704117647059
42.0,0.0,67.0,80,0.14064225
42.0,0.0,67.0,100,0.1459665882352941
42.0,0.0,67.0,200,0.1153115882352941
42.0,0.0,67.0,300,0.0850316666666666
42.0,0.0,67.0,500,0.0547651764705882
42.0,0.0,67.0,800,0.0375480588235294
42.0,0.0,67.0,1000,0.0317404117647058
42.0,0.0,67.0,1200,0.0278301111111111
42.0,0.0,67.0,1400,0.0246225294117647
42.0,0.0,67.0,1600,0.0219385882352941
42.0,0.0,67.0,1800,0.0200484444444444
42.0,0.0,67.0,2000,0.018115
42.0,0.0,67.0,2200,0.0167587058823529
42.0,0.0,67.0,2400,0.01546
42.0,0.0,37.0,20,0.0054231111111111
42.0,0.0,37.0,30,0.0268826470588235
42.0,0.0,37.0,50,0.1113081176470588
42.0,0.0,37.0,80,0.170154
42.0,0.0,37.0,100,0.1771375294117647
42.0,0.0,37.0,200,0.1434394705882353
42.0,0.0,37.0,300,0.1051390555555555
42.0,0.0,37.0,500,0.0671256470588235
42.0,0.0,37.0,800,0.0454388235294117
42.0,0.0,37.0,1000,0.0390804705882352
42.0,0.0,37.0,1200,0.0333266666666666
42.0,0.0,37.0,1400,0.0297545294117647
42.0,0.0,37.0,1600,0.0266423529411764
42.0,0.0,37.0,1800,0.0238217777777777
42.0,0.0,37.0,2000,0.0219000588235294
42.0,0.0,37.0,2200,0.0204758823529411
42.0,0.0,37.0,2400,0.0184823333333333
42.0,0.0,7.0,20,0.0025116666666666
42.0,0.0,7.0,30,0.0119294117647058
42.0,0.0,7.0,50,0.0515671176470588
42.0,0.0,7.0,80,0.080222375
42.0,0.0,7.0,100,0.0842850588235294
42.0,0.0,7.0,200,0.0699292352941176
42.0,0.0,7.0,300,0.0516220555555555
42.0,0.0,7.0,500,0.0341210588235294
42.0,0.0,7.0,800,0.0239857647058823
42.0,0.0,7.0,1000,0.020161
42.0,0.0,7.0,1200,0.0173975
42.0,0.0,7.0,1400,0.0157925882352941
42.0,0.0,7.0,1600,0.0141187647058823
42.0,0.0,7.0,1800,0.0128733333333333
42.0,0.0,7.0,2000,0.0118363529411764
42.0,0.0,7.0,2200,0.0109973529411764
42.0,0.0,7.0,2400,0.0100508888888888
42.0,0.0,-23.0,20,0.0009406666666666
42.0,0.0,-23.0,30,0.0058629411764705
42.0,0.0,-23.0,50,0.0265136470588235
42.0,0.0,-23.0,80,0.041397625
42.0,0.0,-23.0,100,0.0435207058823529
42.0,0.0,-23.0,200,0.0345467058823529
42.0,0.0,-23.0,300,0.0255291111111111
42.0,0.0,-23.0,500,0.0166261176470588
42.0,0.0,-23.0,800,0.0115982352941176
42.0,0.0,-23.0,1000,0.0099191176470588
42.0,0.0,-23.0,1200,0.0084726666666666
42.0,0.0,-23.0,1400,0.0075685882352941
42.0,0.0,-23.0,1600,0.0069980588235294
42.0,0.0,-23.0,1800,0.0064481666666666
42.0,0.0,-23.0,2000,0.0057780588235294
42.0,0.0,-23.0,2200,0.0051487647058823
42.0,0.0,-23.0,2400,0.0048056666666666
42.0,0.0,-53.0,20,0.0003245555555555
42.0,0.0,-53.0,30,0.0028067058823529
42.0,0.0,-53.0,50,0.0134617058823529
42.0,0.0,-53.0,80,0.02250975
42.0,0.0,-53.0,100,0.0230906470588235
42.0,0.0,-53.0,200,0.0186237058823529
42.0,0.0,-53.0,300,0.0140481111111111
42.0,0.0,-53.0,500,0.0089028823529411
42.0,0.0,-53.0,800,0.0062952352941176
42.0,0.0,-53.0,1000,0.0053423529411764
42.0,0.0,-53.0,1200,0.0047764444444444
42.0,0.0,-53.0,1400,0.0040635882352941
42.0,0.0,-53.0,1600,0.003841294117647
42.0,0.0,-53.0,1800,0.0033565
42.0,0.0,-53.0,2000,0.0031680588235294
42.0,0.0,-53.0,2200,0.0029147647058823
42.0,0.0,-53.0,2400,0.0027523333333333
42.0,0.0,-83.0,20,1e-09
42.0,0.0,-83.0,30,1e-09
42.0,0.0,-83.0,50,0.0021771764705882
42.0,0.0,-83.0,80,0.005761375
42.0,0.0,-83.0,100,0.007124375
42.0,0.0,-83.0,200,0.0067761764705882
42.0,0.0,-83.0,300,0.0054883333333333
42.0,0.0,-83.0,500,0.0039403529411764
42.0,0.0,-83.0,800,0.0028895882352941
42.0,0.0,-83.0,1000,0.00268175
42.0,0.0,-83.0,1200,0.0022578333333333
42.0,0.0,-83.0,1400,0.0019564117647058
42.0,0.0,-83.0,1600,0.0019201764705882
42.0,0.0,-83.0,1800,0.0017705555555555
42.0,0.0,-83.0,2000,0.0016537647058823
42.0,0.0,-83.0,2200,0.0015339411764705
42.0,0.0,-83.0,2400,0.0014347777777777
72.0,0.0,67.0,20,0.0016043888888888
72.0,0.0,67.0,30,0.0081351176470588
72.0,0.0,67.0,50,0.0323755882352941
72.0,0.0,67.0,80,0.048907625
72.0,0.0,67.0,100,0.0511881176470588
72.0,0.0,67.0,200,0.041738
72.0,0.0,67.0,300,0.0310477222222222
72.0,0.0,67.0,500,0.0202474117647058
72.0,0.0,67.0,800,0.0136287647058823
72.0,0.0,67.0,1000,0.0117450588235294
72.0,0.0,67.0,1200,0.0101902777777777
72.0,0.0,67.0,1400,0.0089185882352941
72.0,0.0,67.0,1600,0.0079761176470588
72.0,0.0,67.0,1800,0.0073729444444444
72.0,0.0,67.0,2000,0.006668
72.0,0.0,67.0,2200,0.0061331764705882
72.0,0.0,67.0,2400,0.0055087777777777
72.0,0.0,37.0,20,0.0020655
72.0,0.0,37.0,30,0.0095471111111111
72.0,0.0,37.0,50,0.0372766470588235
72.0,0.0,37.0,80,0.056132375
72.0,0.0,37.0,100,0.05888625
72.0,0.0,37.0,200,0.0468837058823529
72.0,0.0,37.0,300,0.0342476666666666
72.0,0.0,37.0,500,0.0222008235294117
72.0,0.0,37.0,800,0.0150124117647058
72.0,0.0,37.0,1000,0.01279875
72.0,0.0,37.0,1200,0.0109237777777777
72.0,0.0,37.0,1400,0.0095941764705882
72.0,0.0,37.0,1600,0.0087636470588235
72.0,0.0,37.0,1800,0.0080049444444444
72.0,0.0,37.0,2000,0.0072867647058823
72.0,0.0,37.0,2200,0.0066368823529411
72.0,0.0,37.0,2400,0.0062323333333333
72.0,0.0,7.0,20,0.0012403888888888
72.0,0.0,7.0,30,0.0062274444444444
72.0,0.0,7.0,50,0.0251848235294117
72.0,0.0,7.0,80,0.0385395
72.0,0.0,7.0,100,0.040361375
72.0,0.0,7.0,200,0.0338805882352941
72.0,0.0,7.0,300,0.0252103888888888
72.0,0.0,7.0,500,0.0165972352941176
72.0,0.0,7.0,800,0.0112236470588235
72.0,0.0,7.0,1000,0.009655
72.0,0.0,7.0,1200,0.0085344444444444
72.0,0.0,7.0,1400,0.0072779411764705
72.0,0.0,7.0,1600,0.006773294117647
72.0,0.0,7.0,1800,0.0060767777777777
72.0,0.0,7.0,2000,0.0055925882352941
72.0,0.0,7.0,2200,0.0050392352941176
72.0,0.0,7.0,2400,0.0047287777777777
72.0,0.0,-23.0,20,0.0007372777777777
72.0,0.0,-23.0,30,0.0040301111111111
72.0,0.0,-23.0,50,0.0173861764705882
72.0,0.0,-23.0,80,0.027060375
72.0,0.0,-23.0,100,0.02776425
72.0,0.0,-23.0,200,0.0228215294117647
72.0,0.0,-23.0,300,0.0167506666666666
72.0,0.0,-23.0,500,0.0108868823529411
72.0,0.0,-23.0,800,0.0076256470588235
72.0,0.0,-23.0,1000,0.0063165
72.0,0.0,-23.0,1200,0.0056581666666666
72.0,0.0,-23.0,1400,0.0048287058823529
72.0,0.0,-23.0,1600,0.0044810588235294
72.0,0.0,-23.0,1800,0.0038138888888888
72.0,0.0,-23.0,2000,0.0037795882352941
72.0,0.0,-23.0,2200,0.0034612352941176
72.0,0.0,-23.0,2400,0.0031033333333333
72.0,0.0,-53.0,20,0.0005197777777777
72.0,0.0,-53.0,30,0.0024891764705882
72.0,0.0,-53.0,50,0.0111918235294117
72.0,0.0,-53.0,80,0.01731925
72.0,0.0,-53.0,100,0.0182708235294117
72.0,0.0,-53.0,200,0.0147088235294117
72.0,0.0,-53.0,300,0.0107303333333333
72.0,0.0,-53.0,500,0.0070227647058823
72.0,0.0,-53.0,800,0.0048352352941176
72.0,0.0,-53.0,1000,0.0041036470588235
72.0,0.0,-53.0,1200,0.0035115
72.0,0.0,-53.0,1400,0.0032058823529411
72.0,0.0,-53.0,1600,0.0027807058823529
72.0,0.0,-53.0,1800,0.0026633888888888
72.0,0.0,-53.0,2000,0.0024135882352941
72.0,0.0,-53.0,2200,0.002178
72.0,0.0,-53.0,2400,0.002098
72.0,0.0,-83.0,20,0.0001897777777777
72.0,0.0,-83.0,30,0.001473
72.0,0.0,-83.0,50,0.0074917647058823
72.0,0.0,-83.0,80,0.01109775
72.0,0.0,-83.0,100,0.0119128235294117
72.0,0.0,-83.0,200,0.0096978823529411
72.0,0.0,-83.0,300,0.0072383888888888
72.0,0.0,-83.0,500,0.0046350588235294
72.0,0.0,-83.0,800,0.0033087647058823
72.0,0.0,-83.0,1000,0.0027894117647058
72.0,0.0,-83.0,1200,0.0024033333333333
72.0,0.0,-83.0,1400,0.0021553529411764
72.0,0.0,-83.0,1600,0.0019430588235294
72.0,0.0,-83.0,1800,0.0017443888888888
72.0,0.0,-83.0,2000,0.0016391764705882
72.0,0.0,-83.0,2200,0.0014242352941176
72.0,0.0,-83.0,2400,0.001362
102.0,0.0,67.0,20,0.0007462777777777
102.0,0.0,67.0,30,0.0041496666666666
102.0,0.0,67.0,50,0.016336
102.0,0.0,67.0,80,0.024855625
102.0,0.0,67.0,100,0.02601075
102.0,0.0,67.0,200,0.0213084705882352
102.0,0.0,67.0,300,0.0158570555555555
102.0,0.0,67.0,500,0.0102305882352941
102.0,0.0,67.0,800,0.0070106470588235
102.0,0.0,67.0,1000,0.005953125
102.0,0.0,67.0,1200,0.0051573888888888
102.0,0.0,67.0,1400,0.0045968823529411
102.0,0.0,67.0,1600,0.0040371176470588
102.0,0.0,67.0,1800,0.0037694444444444
102.0,0.0,67.0,2000,0.0034999411764705
102.0,0.0,67.0,2200,0.0031444117647058
102.0,0.0,67.0,2400,0.0027988888888888
102.0,0.0,37.0,20,0.0008262222222222
102.0,0.0,37.0,30,0.0044527777777777
102.0,0.0,37.0,50,0.0174969411764705
102.0,0.0,37.0,80,0.026684
102.0,0.0,37.0,100,0.02806425
102.0,0.0,37.0,200,0.0226107058823529
102.0,0.0,37.0,300,0.0166999444444444
102.0,0.0,37.0,500,0.0109017647058823
102.0,0.0,37.0,800,0.0075055882352941
102.0,0.0,37.0,1000,0.006203625
102.0,0.0,37.0,1200,0.0054317777777777
102.0,0.0,37.0,1400,0.0048416470588235
102.0,0.0,37.0,1600,0.0043137058823529
102.0,0.0,37.0,1800,0.0038831666666666
102.0,0.0,37.0,2000,0.0037859411764705
102.0,0.0,37.0,2200,0.0032962352941176
102.0,0.0,37.0,2400,0.0030178888888888
102.0,0.0,7.0,20,0.0007496666666666
102.0,0.0,7.0,30,0.0036661111111111
102.0,0.0,7.0,50,0.0140721176470588
102.0,0.0,7.0,80,0.02173475
102.0,0.0,7.0,100,0.022923625
102.0,0.0,7.0,200,0.0190508235294117
102.0,0.0,7.0,300,0.0140081111111111
102.0,0.0,7.0,500,0.0092218823529411
102.0,0.0,7.0,800,0.0062384117647058
102.0,0.0,7.0,1000,0.005476375
102.0,0.0,7.0,1200,0.0047334444444444
102.0,0.0,7.0,1400,0.0042954117647058
102.0,0.0,7.0,1600,0.0037275294117647
102.0,0.0,7.0,1800,0.0034771666666666
102.0,0.0,7.0,2000,0.0031055882352941
102.0,0.0,7.0,2200,0.0029258823529411
102.0,0.0,7.0,2400,0.00265
102.0,0.0,-23.0,20,0.0006447222222222
102.0,0.0,-23.0,30,0.0028051111111111
102.0,0.0,-23.0,50,0.0115830588235294
102.0,0.0,-23.0,80,0.01755725
102.0,0.0,-23.0,100,0.0186049411764705
102.0,0.0,-23.0,200,0.0149005294117647
102.0,0.0,-23.0,300,0.0110634444444444
102.0,0.0,-23.0,500,0.0071977647058823
102.0,0.0,-23.0,800,0.0048724117647058
102.0,0.0,-23.0,1000,0.004193
102.0,0.0,-23.0,1200,0.0036297222222222
102.0,0.0,-23.0,1400,0.0030829411764705
102.0,0.0,-23.0,1600,0.002891294117647
102.0,0.0,-23.0,1800,0.0025781111111111
102.0,0.0,-23.0,2000,0.0023933529411764
102.0,0.0,-23.0,2200,0.0022101764705882
102.0,0.0,-23.0,2400,0.002086
102.0,0.0,-53.0,20,0.0003754444444444
102.0,0.0,-53.0,30,0.0021018333333333
102.0,0.0,-53.0,50,0.0087455294117647
102.0,0.0,-53.0,80,0.013026
102.0,0.0,-53.0,100,0.013812125
102.0,0.0,-53.0,200,0.0111485294117647
102.0,0.0,-53.0,300,0.008198
102.0,0.0,-53.0,500,0.005428294117647
102.0,0.0,-53.0,800,0.0036091764705882
102.0,0.0,-53.0,1000,0.003091
102.0,0.0,-53.0,1200,0.0025941666666666
102.0,0.0,-53.0,1400,0.0023395294117647
102.0,0.0,-53.0,1600,0.00218775
102.0,0.0,-53.0,1800,0.0019588888888888
102.0,0.0,-53.0,2000,0.0018005882352941
102.0,0.0,-53.0,2200,0.0017060588235294
102.0,0.0,-53.0,2400,0.0014768888888888
102.0,0.0,-83.0,20,0.0002237777777777
102.0,0.0,-83.0,30,0.0014440588235294
102.0,0.0,-83.0,50,0.0064010588235294
102.0,0.0,-83.0,80,0.009532875
102.0,0.0,-83.0,100,0.0098968823529411
102.0,0.0,-83.0,200,0.0081570588235294
102.0,0.0,-83.0,300,0.0058768333333333
102.0,0.0,-83.0,500,0.0039341176470588
102.0,0.0,-83.0,800,0.0026947058823529
102.0,0.0,-83.0,1000,0.0022388235294117
102.0,0.0,-83.0,1200,0.0018806666666666
102.0,0.0,-83.0,1400,0.0018324117647058
102.0,0.0,-83.0,1600,0.0016171764705882
102.0,0.0,-83.0,1800,0.0013536666666666
102.0,0.0,-83.0,2000,0.0013052352941176
102.0,0.0,-83.0,2200,0.0011885294117647
102.0,0.0,-83.0,2400,0.0011264444444444
47.5,0.0,-97.0,20,4.8444444444444456e-05
47.5,0.0,-97.0,30,0.0001814705882352
47.5,0.0,-97.0,50,0.0021416470588235
47.5,0.0,-97.0,80,0.005156
47.5,0.0,-97.0,100,0.0060981764705882
47.5,0.0,-97.0,200,0.0057351764705882
47.5,0.0,-97.0,300,0.0046198888888888
47.5,0.0,-97.0,500,0.0033721176470588
47.5,0.0,-97.0,800,0.0024259411764705
47.5,0.0,-97.0,1000,0.0021896470588235
47.5,0.0,-97.0,1200,0.0019367222222222
47.5,0.0,-97.0,1400,0.0018060588235294
47.5,0.0,-97.0,1600,0.001536294117647
47.5,0.0,-97.0,1800,0.0014592777777777
47.5,0.0,-97.0,2000,0.0013210588235294
47.5,0.0,-97.0,2200,0.0013001764705882
47.5,0.0,-97.0,2400,0.001198
77.5,0.0,-97.0,20,0.0001442777777777
77.5,0.0,-97.0,30,0.0012807222222222
77.5,0.0,-97.0,50,0.0061031111111111
77.5,0.0,-97.0,80,0.009132
77.5,0.0,-97.0,100,0.00973625
77.5,0.0,-97.0,200,0.0078865555555555
77.5,0.0,-97.0,300,0.0058577777777777
77.5,0.0,-97.0,500,0.0039195882352941
77.5,0.0,-97.0,800,0.0026992352941176
77.5,0.0,-97.0,1000,0.00224725
77.5,0.0,-97.0,1200,0.0020011666666666
77.5,0.0,-97.0,1400,0.0018704117647058
77.5,0.0,-97.0,1600,0.001595875
77.5,0.0,-97.0,1800,0.0014685555555555
77.5,0.0,-97.0,2000,0.0013409411764705
77.5,0.0,-97.0,2200,0.0012933529411764
77.5,0.0,-97.0,2400,0.0011264444444444
107.5,0.0,-97.0,20,0.0002278888888888
107.5,0.0,-97.0,30,0.0011940588235294
107.5,0.0,-97.0,50,0.0053048235294117
107.5,0.0,-97.0,80,0.008130875
107.5,0.0,-97.0,100,0.0083629411764705
107.5,0.0,-97.0,200,0.0068425294117647
107.5,0.0,-97.0,300,0.0049428333333333
107.5,0.0,-97.0,500,0.00329
107.5,0.0,-97.0,800,0.0022454117647058
107.5,0.0,-97.0,1000,0.001928
107.5,0.0,-97.0,1200,0.0016778333333333
107.5,0.0,-97.0,1400,0.001439
107.5,0.0,-97.0,1600,0.0014079411764705
107.5,0.0,-97.0,1800,0.0011942777777777
107.5,0.0,-97.0,2000,0.0010826470588235
107.5,0.0,-97.0,2200,0.0010278235294117
107.5,0.0,-97.0,2400,0.000918
